{"request": 0.7184872801108964, "offer": 0.4980213944701167, "aid_related": 0.6627419515622628, "medical_help": 0.6321035782211669, "medical_products": 0.6379543297617236, "search_and_rescue": 0.5891308029924861, "security": 0.5191488044623773, "military": 0.6633147785712328, "water": 0.8017497542749409, "food": 0.8405198932097051, "shelter": 0.7546544830331601, "clothing": 0.7465858320399604, "money": 0.6092385075975343, "missing_people": 0.5901914756045288, "refugees": 0.6173145867199802, "death": 0.758670512290627, "other_aid": 0.5748689849514459, "infrastructure_related": 0.5390047711271195, "transport": 0.6205322968772462, "buildings": 0.6722848756767055, "electricity": 0.6359232137427507, "tools": 0.516465423414342, "hospitals": 0.5416076911222543, "shops": 0.4984183673469388, "aid_centers": 0.5266058463965498, "other_infrastructure": 0.5441054577335394, "weather_related": 0.7931829740856022, "floods": 0.7747773118394855, "storm": 0.7852336797767085, "fire": 0.641351865173158, "earthquake": 0.8702581124746007, "cold": 0.6781354255671265, "other_weather": 0.5862351488761869, "direct_report": 0.6819048214417764, "f1_average": 0.6506095362513599}