{"request": 0.8106996285428143, "offer": 0.4989168939065725, "aid_related": 0.7423655654751568, "medical_help": 0.6422291402646088, "medical_products": 0.6577654509857154, "search_and_rescue": 0.5597304014868223, "security": 0.49544509738510095, "military": 0.5883921678925181, "water": 0.8260965049127134, "food": 0.8587947205203843, "shelter": 0.786375859531278, "clothing": 0.7266433099766434, "money": 0.5811472499637661, "missing_people": 0.6382323655045025, "refugees": 0.5819093384432525, "death": 0.7566219128936496, "other_aid": 0.5604942443887058, "infrastructure_related": 0.502964134552647, "transport": 0.6250029258447889, "buildings": 0.7097497648796047, "electricity": 0.6573317702916357, "tools": 0.4985207100591716, "hospitals": 0.4970969639614293, "shops": 0.49877638421535636, "aid_centers": 0.4970841006752609, "other_infrastructure": 0.49534028423369153, "weather_related": 0.8228311088476992, "floods": 0.7859219809238802, "storm": 0.795314367048688, "fire": 0.5411995304405889, "earthquake": 0.8859605368473558, "cold": 0.6552564195614493, "other_weather": 0.5403003884197575, "direct_report": 0.7642524344001309, "f1_average": 0.6495518722728629}