{"request": 0.7969944361424461, "offer": 0.4989168939065725, "aid_related": 0.7488580833542322, "medical_help": 0.5540455847022459, "medical_products": 0.583547335689493, "search_and_rescue": 0.496264132794308, "security": 0.49544509738510095, "military": 0.496007984342959, "water": 0.7784991466131485, "food": 0.8061119321564414, "shelter": 0.6906798848426792, "clothing": 0.5589290971085225, "money": 0.5002795980659259, "missing_people": 0.4971226885598097, "refugees": 0.4960279519821968, "death": 0.5876442888461366, "other_aid": 0.5370393018124708, "infrastructure_related": 0.4906467322602691, "transport": 0.5250191699863472, "buildings": 0.5960852308857179, "electricity": 0.5224816260918316, "tools": 0.4985207100591716, "hospitals": 0.4970969639614293, "shops": 0.49877638421535636, "aid_centers": 0.4970841006752609, "other_infrastructure": 0.489819372019961, "weather_related": 0.7887176857974176, "floods": 0.6587909293216048, "storm": 0.6728053474645277, "fire": 0.4972384166922369, "earthquake": 0.7996493752439773, "cold": 0.5001450127154637, "other_weather": 0.49026538965165484, "direct_report": 0.754419762005097, "f1_average": 0.5852934013927062}