{"request": 0.7181967161602365, "offer": 0.4978034327748263, "aid_related": 0.6596035272349257, "medical_help": 0.638764672933607, "medical_products": 0.652367580206044, "search_and_rescue": 0.5923243836762437, "security": 0.5277086282963289, "military": 0.664611127796322, "water": 0.7992637067566188, "food": 0.842141438785541, "shelter": 0.7562978525560571, "clothing": 0.7351931380957715, "money": 0.6131302940297523, "missing_people": 0.5960430340466825, "refugees": 0.6146200837830793, "death": 0.7546596181415125, "other_aid": 0.5710175164806864, "infrastructure_related": 0.52734242674458, "transport": 0.6299717236449481, "buildings": 0.6822460868251133, "electricity": 0.6436042441531289, "tools": 0.5175462631632758, "hospitals": 0.5453213948734607, "shops": 0.4982903801990303, "aid_centers": 0.525206205284545, "other_infrastructure": 0.5349692810591515, "weather_related": 0.7974826246797672, "floods": 0.7669622984662825, "storm": 0.7841785481154382, "fire": 0.6263775981984286, "earthquake": 0.8709747697993553, "cold": 0.6914883631160214, "other_weather": 0.587745537378038, "direct_report": 0.6856731519404876, "f1_average": 0.6514449308645673}