{"request": 0.7182427192226348, "offer": 0.5017916287900682, "aid_related": 0.6569344724142492, "medical_help": 0.6369278913040226, "medical_products": 0.6440822605241692, "search_and_rescue": 0.5930615726691745, "security": 0.5210130509382954, "military": 0.6730454213771071, "water": 0.7982073913674061, "food": 0.8407438181085269, "shelter": 0.7503191541090795, "clothing": 0.7423199573065973, "money": 0.6186415730430271, "missing_people": 0.5884058857192759, "refugees": 0.6250186453713673, "death": 0.756158401984625, "other_aid": 0.576885809776762, "infrastructure_related": 0.532263958288073, "transport": 0.6259424342045045, "buildings": 0.6768047051240734, "electricity": 0.6316222732504833, "tools": 0.5122604958243107, "hospitals": 0.5432477467511849, "shops": 0.5055110631791744, "aid_centers": 0.5232050451817107, "other_infrastructure": 0.5249171571287525, "weather_related": 0.7950111741602246, "floods": 0.764480937430533, "storm": 0.7836752180155278, "fire": 0.6238008919791075, "earthquake": 0.87792058782136, "cold": 0.6854049206693411, "other_weather": 0.5872159876508423, "direct_report": 0.6808614386372693, "f1_average": 0.6504689908624371}